{
  "project_info": {
    "project_number": "523905126424",
    "firebase_url": "https://cfc-android-anabel-default-rtdb.europe-west1.firebasedatabase.app",
    "project_id": "cfc-android-anabel",
    "storage_bucket": "cfc-android-anabel.appspot.com"
  },
  "client": [
    {
      "client_info": {
        "mobilesdk_app_id": "1:523905126424:android:688573e28b59770cd7f36d",
        "android_client_info": {
          "package_name": "com.cfc.ejemplo20_firebase"
        }
      },
      "oauth_client": [
        {
          "client_id": "523905126424-fsib3jaba3qlek1pbnjem8pe7fo6fomr.apps.googleusercontent.com",
          "client_type": 3
        }
      ],
      "api_key": [
        {
          "current_key": "AIzaSyDzbf5N85-RU2716H7gCDe0DPJUXaU5ExA"
        }
      ],
      "services": {
        "appinvite_service": {
          "other_platform_oauth_client": [
            {
              "client_id": "523905126424-fsib3jaba3qlek1pbnjem8pe7fo6fomr.apps.googleusercontent.com",
              "client_type": 3
            }
          ]
        }
      }
    }
  ],
  "configuration_version": "1"
}